<?xml version="1.0" encoding="UTF-8" ?>
<PrintDefine>
<PrintSetting Name="レポート定義ファイル" Ver="1.00" >
<PrintAttrs>
<FontAttr AttrName="Font1" Name="ＭＳ 明朝" Size="9" />
<FontAttr AttrName="Font2" Name="ＭＳ 明朝" Size="24" />
<LineAttr AttrName="Line1" Width="0.3" />
</PrintAttrs>
<Paper Size="A5" Direction="False" />
<Design FontAttr="Font1" LineAttr="Line1" GridWidth="2" GridFit="True" ObjLock="False" DesignScale="100" />
</PrintSetting>
<PrintObjects>
<Text Name="LineNo" X="24" Y="34" Width="20" Height="10" Text="行番号" Align="Center" FontAttr="Font2" IntervalY="10" Repeat="15" />
<Text Name="10Baisu" X="68" Y="34" Width="30" Height="10" Text="10倍数" Align="Right" FontAttr="Font2" IntervalY="10" Repeat="15" />
<Text Name="DateTime" X="18" Y="4" Width="110" Height="10" Text="日付" Align="Left" FontAttr="Font2" />
<Text Name="Page" X="76" Y="18" Width="60" Height="10" Text="頁数" Align="Right" FontAttr="Font2" />
<Line Name="Line1" StartX="14" StartY="34" EndX="128" EndY="34" LineAttr="Line1" />
<Line Name="HLine" StartX="14" StartY="44" EndX="128" EndY="44" LineAttr="Line1" IntervalY="10" Repeat="15" />
</PrintObjects>
</PrintDefine>
